edition,signature,image,metadata
1,896aff78a305688a7f4c3211674d518fc3ea67487ca3d31fd904cd8237cb3e25,output\images\1.png,output\metadata\1.json
2,6eb12628b558a48510705bcfc6f2aed5c720dc7b879d2d576ffb96d9bc7097ca,output\images\2.png,output\metadata\2.json
3,def8320a20f8020b5a6eac816c63eee90490f9dead2023af57327f88ca7bf886,output\images\3.png,output\metadata\3.json
4,2e261c0b8125202e4c8daad97852cbe9114919b8750ee1f0debd62facbfd1ea5,output\images\4.png,output\metadata\4.json
5,f17ba933348d06e3d2559cec16cd638a7fa8ee26611ddc8fbdab3b42a66fe5d9,output\images\5.png,output\metadata\5.json
6,eeb1f690f6dbfe28d0f2d7cdafff4506267fc1803c53083f7ddd2ebe166d63ce,output\images\6.png,output\metadata\6.json
7,a9cc86d5bf15e8ec47ef35f68ead9b994b9af8c1abf11190ea4cd15ca1771d8b,output\images\7.png,output\metadata\7.json
8,8e695265b3c7d321b94c92323ba574187fcda70c2b8d4cf3d9f8e9be147cd228,output\images\8.png,output\metadata\8.json
9,4fe09a13a0fb2fa80989a961a3bbe5dd8f9a40e0a388d5fc060def14671198f3,output\images\9.png,output\metadata\9.json
10,4684aa4fba1f982a640ebc8c0f7ecc4de5f433de0085d39fa4b1b08c4c715abf,output\images\10.png,output\metadata\10.json
